931-870,931870,walthers
931-872,931872,walthers
BAC00691,00691,Bachmann
BAC00692,00692,Bachmann
BAC00706,00760,Bachmann
BAC24024,24024,Bachmann
BAC44896,44896,Bachmann
BLH2000,2000,Blade
BLH3100,3100,Blade
BLH7400A,7400a,Blade
BLH7780,7780,Blade
BLH8080,8080,Blade
CSN21045,21045,Celestron
CSN21049,21049,Celestron
CSN22094,22094,Celestron
CSN31150,31150,Celestron
CSN44308,44308,Celestron
ECX03012,03012,ECX
ECX03020,03020,ECX
ECX03022,03022,ECX
ECX03026,03026,ECX
EFL10450,10450,E-Flite
EFL3180,3180,E-Flite
EFLH2400,2400,E-Flite
EFLU2980,2980,E-Flite
FRPBMM91,BMM91,Fisher Price
GAR1138070,1138070,Garrett
GAR1139070,1139070,Garrett
GAR1140460,1140460,Garrett
GAR1166000,116600,Garrett
HBZ4400,4400,Hobbyzone
HBZ4900,4900,Hobbyzone
HBZ7900,7900,Hobbyzone
LCI2371,2371,Melissa & Doug
LCI701,701,Melissa & Doug
LIF9087,4339087,Life-Like
LNL630190,630190,Lionel
LNL630218,630218,Lionel
LOSB0202T1,0202,Losi
LOSB0233T1 ,0233,Losi
LOSB0240T1,0240,Losi
LOSB0241T1,0241,Losi
LOSB0244T1,0244,Losi
PKZ6350,6350,Parkzone
PKZ6580 ,6580,Parkzone
PKZ6880,6880,Parkzone
PKZ6980,6980,Parkzone
PRB08000,08000,Pro Boats
PRB08001,08001,Pro Boats
RTM50R6630,50R6630,Phoenix
TRA24054,24054,Traxxas
TRA3903,3903,Traxxas
TRA44094,44094,Traxxas
TRA53097,53097,Traxxas
TRA5507,5507,Traxxas
TRA5603,5603,Traxxas
TRA56076,56076,Traxxas
TRA58064,58064,Traxxas
TRA6608,6608,Traxxas
TRA67054,67054,Traxxas
TRA71054,71054,Traxxas
TRA75054,75057,Traxxas
TRA76054,76054,Traxxas
VTR01003,01003,Vaterra
